{
    "model_type": "MLPClassifier",
    "timestamp": "2025-12-10 10:32:32",
    "hyperparameters": {
        "hidden_layer_sizes": [
            100,
            50
        ],
        "activation": "relu",
        "solver": "adam",
        "max_iter": 500,
        "early_stopping": true,
        "validation_fraction": 0.1,
        "random_state": 42
    },
    "training": {
        "n_iterations": 27,
        "final_loss": 0.06710604548144525,
        "training_time_seconds": 0.04799795150756836
    },
    "learning_curve": {
        "iterations": [
            1,
            2,
            3,
            4,
            5,
            6,
            7,
            8,
            9,
            10,
            11,
            12,
            13,
            14,
            15,
            16,
            17,
            18,
            19,
            20,
            21,
            22,
            23,
            24,
            25,
            26,
            27
        ],
        "loss": [
            0.6657091136915088,
            0.5376755418287132,
            0.4498057655489218,
            0.3851128213127647,
            0.3339329932923928,
            0.2921085355892116,
            0.25638989138639534,
            0.22588367545855617,
            0.1992266853402968,
            0.17723694829596234,
            0.15901606201419202,
            0.14446119067281488,
            0.13130320182848726,
            0.12049970866689186,
            0.11269266648169214,
            0.10555295610790279,
            0.10046908384103376,
            0.09586694952154737,
            0.09237397946313301,
            0.08855762681868523,
            0.08492691980082873,
            0.0814348356437889,
            0.07770539890696193,
            0.0745452699768801,
            0.07130985247335515,
            0.068952677176047,
            0.06710604548144525
        ]
    },
    "performance_metrics": {
        "train": {
            "accuracy": 0.9802197802197802,
            "precision": 0.9878787878787879,
            "recall": 0.9588235294117647,
            "f1_score": 0.973134328358209,
            "auc": 0.996656346749226
        },
        "test": {
            "accuracy": 0.9736842105263158,
            "precision": 1.0,
            "recall": 0.9285714285714286,
            "f1_score": 0.962962962962963,
            "auc": 0.9970238095238095
        }
    },
    "confusion_matrix": {
        "train": {
            "true_negatives": 283,
            "false_positives": 2,
            "false_negatives": 7,
            "true_positives": 163
        },
        "test": {
            "true_negatives": 72,
            "false_positives": 0,
            "false_negatives": 3,
            "true_positives": 39
        }
    }
}