{
    "model_type": "MLPClassifier",
    "timestamp": "2025-10-29 21:40:45",
    "hyperparameters": {
        "hidden_layer_sizes": [
            100,
            50
        ],
        "activation": "relu",
        "solver": "adam",
        "max_iter": 500,
        "early_stopping": true,
        "validation_fraction": 0.1,
        "random_state": 42
    },
    "training": {
        "n_iterations": 27,
        "final_loss": 0.06710604548144525,
        "training_time_seconds": 0.08499836921691895
    },
    "performance_metrics": {
        "train": {
            "accuracy": 0.9802197802197802,
            "precision": 0.9878787878787879,
            "recall": 0.9588235294117647,
            "f1_score": 0.973134328358209,
            "auc": 0.996656346749226
        },
        "test": {
            "accuracy": 0.9736842105263158,
            "precision": 1.0,
            "recall": 0.9285714285714286,
            "f1_score": 0.962962962962963,
            "auc": 0.9970238095238095
        }
    },
    "confusion_matrix": {
        "train": {
            "true_negatives": 283,
            "false_positives": 2,
            "false_negatives": 7,
            "true_positives": 163
        },
        "test": {
            "true_negatives": 72,
            "false_positives": 0,
            "false_negatives": 3,
            "true_positives": 39
        }
    }
}