{
    "model_type": "SVC (Support Vector Machine)",
    "timestamp": "2025-12-11 02:22:59",
    "hyperparameters": {
        "svm__C": 10,
        "svm__gamma": 0.01,
        "svm__kernel": "rbf"
    },
    "training_info": {
        "cv_folds": 5,
        "best_f1_cv": 0.9697549589713768,
        "training_time_seconds": 1.58
    },
    "performance_metrics": {
        "train": {
            "acc": 0.9868131868131869,
            "prec": 1.0,
            "rec": 0.9647058823529412,
            "f1": 0.9820359281437125,
            "roc": 0.9978328173374612,
            "bal": 0.9823529411764707,
            "spec": 1.0,
            "mcc": 0.9720159666475798,
            "kappa": 0.9716245712503898,
            "ap": 0.9974331258073681
        },
        "test": {
            "acc": 0.9824561403508771,
            "prec": 1.0,
            "rec": 0.9523809523809523,
            "f1": 0.975609756097561,
            "roc": 0.996031746031746,
            "bal": 0.9761904761904762,
            "spec": 1.0,
            "mcc": 0.962621902223779,
            "kappa": 0.9619238476953907,
            "ap": 0.9947089947089948
        }
    },
    "confusion_matrix": {
        "train": {
            "true_negatives": 285,
            "false_positives": 0,
            "false_negatives": 6,
            "true_positives": 164
        },
        "test": {
            "true_negatives": 72,
            "false_positives": 0,
            "false_negatives": 2,
            "true_positives": 40
        }
    },
    "learning_curve": {
        "train_sizes": [
            36,
            53,
            70,
            88,
            105,
            122,
            139,
            157,
            174,
            191,
            208,
            226,
            243,
            260,
            277,
            295,
            312,
            329,
            346,
            364
        ],
        "train_scores": [
            1.0,
            0.9849056603773585,
            0.9885714285714287,
            0.990909090909091,
            0.9961904761904762,
            0.9918032786885245,
            0.9899280575539569,
            0.9898089171974522,
            0.993103448275862,
            0.9926701570680627,
            0.9903846153846153,
            0.9911504424778761,
            0.9917695473251029,
            0.9892307692307692,
            0.9884476534296027,
            0.9864406779661017,
            0.9878205128205128,
            0.9866261398176291,
            0.9855491329479771,
            0.9868131868131869
        ],
        "cv_scores": [
            0.956043956043956,
            0.9626373626373625,
            0.956043956043956,
            0.956043956043956,
            0.9538461538461538,
            0.9604395604395606,
            0.9626373626373628,
            0.964835164835165,
            0.9736263736263737,
            0.9736263736263737,
            0.9714285714285715,
            0.9736263736263737,
            0.9736263736263737,
            0.9780219780219781,
            0.9780219780219781,
            0.9802197802197803,
            0.9714285714285715,
            0.9670329670329672,
            0.9714285714285715,
            0.9758241758241759
        ]
    },
    "dataset_shapes": {
        "X_train": [
            455,
            30
        ],
        "X_test": [
            114,
            30
        ]
    }
}